Config,R²,Δ R²
Full DNN,0.8502886392886395,0.0
w/o Risk (Skew/Std),0.8437480442277684,-0.006540595060871124
w/o Sentiment,0.36456883645582816,-0.48571980283281135
