Method,Lambda,NDCG,ILD
Greedy,1.0,0.9337167270623495,0.30549604
MMR,0.7,0.9401223867220379,0.39436454
